word,frequency,prevalence,types
the,9243,0.036972,definite article;adverb
of,5220,0.02088,preposition
and,5196,0.020784,conjunction
to,4951,0.019804,preposition;adverb
a,4506,0.018024,indefinite article;preposition
in,2822,0.011288,preposition;adverb
is,2699,0.010796,verb
you,2041,0.008164,pronoun;noun
are,1843,0.007372,verb
for,1752,0.007008,preposition;conjunction
that,1743,0.006972,pronoun;adjective;adverb;conjunction
or,1487,0.005948,conjunction
it,1386,0.005544,pronoun;noun
as,1363,0.005452,adverb;conjunction;pronoun;preposition
be,1145,0.00458,verb;auxiliary verb
on,1087,0.004348,preposition;adverb;adjective
your,1067,0.004268,pronoun
with,1062,0.004248,preposition
can,895,0.00358,auxiliary verb;noun
have,891,0.003564,verb;auxiliary verb
this,864,0.003456,pronoun;adjective;adverb
an,754,0.003016,indefinite article
by,706,0.002824,preposition;adverb
not,658,0.002632,adverb
but,626,0.002504,conjunction;preposition;adverb;noun
at,624,0.002496,preposition
from,622,0.002488,preposition
I,621,0.002484,pronoun
they,617,0.002468,pronoun
more,597,0.002388,adjective;adverb
will,577,0.002308,auxiliary verb;noun
if,546,0.002184,conjunction;noun
some,501,0.002004,adjective;pronoun;adverb
there,470,0.00188,adverb;pronoun;noun;adjective
what,461,0.001844,pronoun;adjective;adverb;interjection
about,451,0.001804,preposition;adverb;adjective
which,449,0.001796,pronoun;adjective
when,442,0.001768,adverb;conjunction
one,441,0.001764,adjective;noun;pronoun
their,439,0.001756,pronoun
all,438,0.001752,adjective;pronoun;noun;adverb
also,419,0.001676,adverb
how,412,0.001648,adverb;conjunction
many,397,0.001588,adjective;noun;pronoun
do,389,0.001556,auxiliary verb
has,384,0.001536,verb
most,378,0.001512,adjective;noun;adverb
people,372,0.001488,noun
other,369,0.001476,adjective;noun;pronoun;adverb
time,369,0.001476,noun;adjective;verb
so,352,0.001408,adverb;conjunction;pronoun;adjective
was,352,0.001408,past;verb
we,352,0.001408,pronoun
these,344,0.001376,pronoun;adjective
may,336,0.001344,auxiliary verb
like,324,0.001296,preposition;verb;conjunction;adverb
use,319,0.001276,verb;noun
into,301,0.001204,preposition
than,301,0.001204,conjunction
up,296,0.001184,adverb;preposition;adjective;noun
out,294,0.001176,adverb;preposition;adjective;interjection
who,281,0.001124,pronoun
them,269,0.001076,pronoun
make,262,0.001048,verb;noun
because,248,0.000992,conjunction
such,236,0.000944,adjective;adverb
through,235,0.00094,preposition;adverb;adjective
get,233,0.000932,verb
work,224,0.000896,noun;adjective;verb
even,223,0.000892,adjective;verb;adverb
different,215,0.00086,adjective
its,215,0.00086,pronoun
no,213,0.000852,adverb;adjective;noun
our,213,0.000852,pronoun
new,210,0.00084,adjective;adverb
film,209,0.000836,noun;verb
just,208,0.000832,adjective;adverb
only,208,0.000832,adverb;adjective;conjunction
see,204,0.000816,verb
used,204,0.000816,adjective
good,201,0.000804,adjective;noun;adverb;interjection
water,201,0.000804,noun;verb;adjective
been,200,0.0008,past;verb
need,193,0.000772,verb
should,191,0.000764,auxiliary verb
very,191,0.000764,adverb
any,190,0.00076,adjective;adverb
history,187,0.000748,noun
often,187,0.000748,adverb
way,185,0.00074,noun
well,184,0.000736,adverb;verb;noun;interjection
art,183,0.000732,noun
know,181,0.000724,verb
were,180,0.00072,past;verb
then,179,0.000716,adverb;adjective
my,177,0.000708,pronoun
first,176,0.000704,adverb;adjective
would,176,0.000704,verb
money,174,0.000696,noun;adjective
each,173,0.000692,adjective;adverb
over,170,0.00068,preposition;adjective;noun
world,169,0.000676,noun
information,168,0.000672,noun
map,167,0.000668,noun
find,166,0.000664,verb
where,166,0.000664,adverb;pronoun;noun
much,165,0.00066,adjective;adverb
take,164,0.000656,verb
two,164,0.000656,noun
want,163,0.000652,verb
important,160,0.00064,adjective
family,159,0.000636,noun
those,156,0.000624,pronoun
example,147,0.000588,noun;verb
while,147,0.000588,noun;conjunction;preposition;verb
he,144,0.000576,pronoun
look,144,0.000576,verb;noun;interjection
government,143,0.000572,noun
before,141,0.000564,preposition;adverb;conjunction
help,141,0.000564,verb;noun;interjection
between,137,0.000548,preposition;adverb
go,131,0.000524,verb;noun;adjective;interjection
own,130,0.00052,adjective;verb
however,128,0.000512,adverb
business,127,0.000508,noun;adjective
us,127,0.000508,pronoun
great,126,0.000504,adjective;noun;adverb;interjection
his,125,0.0005,pronoun;adjective
being,124,0.000496,verb;noun
another,123,0.000492,adjective;pronoun
health,122,0.000488,noun
same,120,0.00048,adjective;pronoun;adverb
study,118,0.000472,noun;verb
why,118,0.000472,adverb;conjunction;noun;interjection
few,117,0.000468,adjective;noun;pronoun
game,117,0.000468,noun;adjective;verb
might,116,0.000464,auxiliary verb;noun
think,116,0.000464,verb;adjective;noun
free,115,0.00046,adjective;adverb;verb
too,114,0.000456,adverb
had,113,0.000452,auxiliary verb
hi,113,0.000452,interjection
right,113,0.000452,adjective;adverb;noun;verb
still,112,0.000448,adjective;noun;adverb;verb
system,111,0.000444,noun
after,110,0.00044,preposition;adjective;adverb
computer,109,0.000436,noun
best,108,0.000432,adjective;adverb;noun;verb
must,108,0.000432,auxiliary verb;verb;adjective;noun
her,107,0.000428,pronoun
life,107,0.000428,noun;adjective
since,107,0.000428,preposition;adverb;conjunction
could,105,0.00042,auxiliary verb
does,104,0.000416,verb
now,104,0.000416,adverb;conjunction;adjective
during,103,0.000412,preposition
learn,102,0.000408,verb
around,101,0.000404,adverb;preposition
usually,101,0.000404,adverb
form,99,0.000396,noun;verb
meat,99,0.000396,noun
air,98,0.000392,noun;verb
day,98,0.000392,noun;adjective
place,98,0.000392,noun;verb
become,97,0.000388,verb
number,97,0.000388,noun;verb
public,97,0.000388,adjective;noun
read,97,0.000388,verb;noun
keep,96,0.000384,verb;noun
part,96,0.000384,noun;verb;adverb
start,96,0.000384,verb;noun
year,96,0.000384,noun
every,95,0.00038,adjective
field,95,0.00038,noun;verb;adjective
large,95,0.00038,adjective
once,95,0.00038,adverb;conjunction
available,94,0.000376,adjective
down,94,0.000376,adverb;preposition;adjective;verb
give,93,0.000372,verb;noun
fish,92,0.000368,noun;verb
human,92,0.000368,adjective;noun
both,91,0.000364,adjective;adverb
local,90,0.00036,adjective;noun
sure,90,0.00036,adjective;adverb
something,89,0.000356,pronoun
without,89,0.000356,preposition;adverb;conjunction
come,88,0.000352,verb
me,88,0.000352,pronoun
back,86,0.000344,noun;adverb;verb;adjective
better,86,0.000344,adjective;adverb;noun;verb
general,85,0.00034,adjective;noun
process,85,0.00034,noun;verb
she,85,0.00034,pronoun;noun
heat,84,0.000336,noun;verb
thanks,84,0.000336,noun
specific,83,0.000332,adjective;noun
enough,82,0.000328,adjective;adverb;interjection
long,82,0.000328,adjective;noun;adverb;verb
lot,82,0.000328,pronoun;adverb;noun;verb
hand,81,0.000324,noun;verb
popular,81,0.000324,adjective
small,81,0.000324,adjective;adverb
though,81,0.000324,conjunction;adverb
experience,80,0.00032,noun;verb
include,80,0.00032,verb
job,80,0.00032,noun;verb
music,80,0.00032,noun
person,80,0.00032,noun
really,79,0.000316,adverb
although,78,0.000312,conjunction
thank,78,0.000312,verb
book,77,0.000308,noun;verb
early,77,0.000308,adverb
reading,77,0.000308,noun
end,76,0.000304,noun;verb
method,76,0.000304,noun
never,76,0.000304,adverb
less,75,0.0003,adjective;adverb;preposition
play,75,0.0003,verb;noun
able,74,0.000296,adjective
data,74,0.000296,noun
feel,74,0.000296,verb;noun
high,74,0.000296,adjective;noun;adverb
off,74,0.000296,adverb;preposition;adjective;noun
point,74,0.000296,noun;verb
type,74,0.000296,noun;verb
whether,74,0.000296,conjunction
food,73,0.000292,noun
understanding,73,0.000292,noun
here,72,0.000288,adverb;interjection
home,72,0.000288,noun;adjective;adverb;verb
certain,71,0.000284,adjective;pronoun
economy,71,0.000284,noun;adjective
little,71,0.000284,adjective;adverb
theory,71,0.000284,noun
tonight,71,0.000284,adverb;noun
law,70,0.00028,noun
put,70,0.00028,verb;noun
under,70,0.00028,preposition;adverb;adjective
value,70,0.00028,noun;verb
always,69,0.000276,adverb
body,69,0.000276,noun;verb
common,69,0.000276,adjective;noun
market,69,0.000276,noun;verb
set,69,0.000276,verb;noun;adjective
bird,68,0.000272,noun
guide,68,0.000272,noun;verb
provide,68,0.000272,verb
change,67,0.000268,verb;noun
interest,67,0.000268,noun;verb
literature,67,0.000268,noun
sometimes,67,0.000268,adverb
problem,66,0.000264,noun
say,66,0.000264,verb;interjection;noun
next,64,0.000256,adjective;adverb;noun
create,63,0.000252,verb
simple,63,0.000252,adjective;noun
software,63,0.000252,noun
state,63,0.000252,noun;verb
together,63,0.000252,adverb
control,62,0.000248,noun
knowledge,62,0.000248,noun
power,62,0.000248,noun
radio,62,0.000248,noun;verb
ability,61,0.000244,noun
basic,61,0.000244,adjective
course,61,0.000244,noun;verb
economics,61,0.000244,noun
hard,61,0.000244,adjective;adverb
add,60,0.00024,verb
company,60,0.00024,noun;verb
known,60,0.00024,adjective
love,60,0.00024,noun
past,60,0.00024,adjective;noun;preposition;adverb
price,60,0.00024,noun;verb
size,60,0.00024,noun;verb;adjective
away,59,0.000236,adverb;adjective
big,59,0.000236,adjective;noun
internet,59,0.000236,noun
possible,59,0.000236,adjective;noun
television,59,0.000236,noun
three,59,0.000236,number
understand,59,0.000236,verb
various,59,0.000236,adjective
yourself,59,0.000236,pronoun
card,58,0.000232,noun;verb
difficult,58,0.000232,adjective
including,58,0.000232,preposition
list,58,0.000232,noun;verb
mind,58,0.000232,noun;verb
particular,58,0.000232,adjective;noun
real,58,0.000232,adjective;adverb;noun
science,58,0.000232,noun
trade,58,0.000232,noun;verb
consider,57,0.000228,verb
either,57,0.000228,conjunction;adjective
library,57,0.000228,noun
likely,57,0.000228,adverb
nature,57,0.000228,noun
fact,56,0.000224,noun
line,56,0.000224,noun;verb
product,56,0.000224,noun
care,55,0.00022,noun;verb
group,55,0.00022,noun;verb
idea,55,0.00022,noun
risk,55,0.00022,noun;verb
several,55,0.00022,adjective
someone,55,0.00022,pronoun
temperature,55,0.00022,noun
united,55,0.00022,adjective
word,55,0.00022,noun;verb;interjection
fat,54,0.000216,noun;adjective;verb
force,54,0.000216,noun;verb
key,54,0.000216,noun;adjective;verb
light,54,0.000216,noun;verb;adjective
simply,54,0.000216,adverb
today,54,0.000216,adverb;noun
training,54,0.000216,noun;adjective
until,54,0.000216,preposition
major,53,0.000212,adjective;noun;verb
name,53,0.000212,noun;verb;adjective
personal,53,0.000212,adjective;noun
school,53,0.000212,noun;verb
top,53,0.000212,noun;adjective;verb
current,52,0.000208,adjective;noun
generally,52,0.000208,adverb
historical,52,0.000208,adjective
investment,52,0.000208,noun
left,52,0.000208,adjective;adverb
national,52,0.000208,adjective;noun
amount,51,0.000204,noun;verb
level,51,0.000204,noun;adjective;verb
order,51,0.000204,noun;verb
practice,51,0.000204,noun;verb
research,51,0.000204,noun;verb
sense,51,0.000204,noun;verb
service,51,0.000204,noun;verb
area,50,0.0002,noun
cut,50,0.0002,verb;noun
hot,50,0.0002,adjective
instead,50,0.0002,adverb
least,50,0.0002,adjective;adverb
natural,50,0.0002,adjective;noun;adverb
physical,50,0.0002,adjective;noun
piece,50,0.0002,noun;verb
show,50,0.0002,verb;noun
society,50,0.0002,noun
try,50,0.0002,verb;noun
check,49,0.000196,verb;noun;interjection
choose,49,0.000196,verb
develop,49,0.000196,verb
second,49,0.000196,number;noun
useful,49,0.000196,adjective
web,49,0.000196,noun;verb
activity,48,0.000192,noun
boss,48,0.000192,noun;verb;adjective
short,48,0.000192,adjective;adverb;noun;verb
story,48,0.000192,noun
call,47,0.000188,verb;noun
industry,47,0.000188,noun
last,47,0.000188,adjective;adverb;noun;verb
media,47,0.000188,noun
mental,47,0.000188,adjective
move,47,0.000188,verb;noun
pay,47,0.000188,verb;noun
sport,47,0.000188,noun;verb
thing,47,0.000188,noun
actually,46,0.000184,adverb
against,46,0.000184,preposition
far,46,0.000184,adverb;adjective
fun,46,0.000184,noun;adjective;verb
house,46,0.000184,noun;adjective;verb
let,46,0.000184,verb;noun
page,46,0.000184,noun;verb
remember,46,0.000184,verb
term,46,0.000184,noun;verb
test,46,0.000184,noun;verb
within,46,0.000184,preposition;adverb
along,45,0.00018,preposition;adverb
answer,45,0.00018,noun;verb
increase,45,0.00018,verb;noun
oven,45,0.00018,noun
quite,45,0.00018,adverb;interjection
scared,45,0.00018,adjective
single,45,0.00018,adjective;noun;verb
sound,45,0.00018,noun;verb;adjective
again,44,0.000176,adverb
community,44,0.000176,noun
definition,44,0.000176,noun
focus,44,0.000176,noun;verb
individual,44,0.000176,adjective;noun
matter,44,0.000176,noun;verb
safety,44,0.000176,noun
turn,44,0.000176,verb;noun
everything,43,0.000172,pronoun
kind,43,0.000172,noun;adjective
quality,43,0.000172,noun
soil,43,0.000172,noun;verb
ask,42,0.000168,verb;noun
board,42,0.000168,noun;verb
buy,42,0.000168,verb;noun
development,42,0.000168,noun
guard,42,0.000168,verb;noun
hold,42,0.000168,verb;noun
language,42,0.000168,noun
later,42,0.000168,adverb;interjection
main,42,0.000168,adjective;noun
offer,42,0.000168,verb;noun
oil,42,0.000168,noun;verb
picture,42,0.000168,noun;verb
potential,42,0.000168,adjective;noun
professional,42,0.000168,adjective;noun
rather,42,0.000168,adverb
access,41,0.000164,noun;verb;adjective
additional,41,0.000164,adjective
almost,41,0.000164,adverb
especially,41,0.000164,adverb
garden,41,0.000164,noun;verb
international,41,0.000164,adjective;noun
lower,41,0.000164,adjective;adverb
management,41,0.000164,noun
open,41,0.000164,adjective;verb;noun
player,41,0.000164,noun
range,41,0.000164,noun;verb
rate,41,0.000164,noun;verb
reason,41,0.000164,noun;verb
travel,41,0.000164,verb;noun
variety,41,0.000164,noun
video,41,0.000164,noun
week,41,0.000164,noun
above,40,0.00016,adverb;preposition;adjective;noun
according,40,0.00016,adjective;verb
cook,40,0.00016,verb;noun
determine,40,0.00016,verb
future,40,0.00016,noun;adjective
site,40,0.00016,noun;verb
alternative,39,0.000156,adjective;noun
demand,39,0.000156,noun;verb
ever,39,0.000156,adverb
exercise,39,0.000156,noun;verb
following,39,0.000156,preposition;noun;adjective
image,39,0.000156,noun;verb
quickly,39,0.000156,adverb
special,39,0.000156,adjective;noun
working,39,0.000156,adjective;noun
case,38,0.000152,noun;verb
cause,38,0.000152,noun;verb
coast,38,0.000152,noun;verb
probably,38,0.000152,adverb
security,38,0.000152,noun
TRUE,38,0.000152,adjective;adverb;verb
whole,38,0.000152,adjective;noun;adverb
action,37,0.000148,noun;adjective
age,37,0.000148,noun;verb
among,37,0.000148,preposition
bad,37,0.000148,noun;adverb;adjective
boat,37,0.000148,noun;verb
country,37,0.000148,noun
dance,37,0.000148,verb;noun
exam,37,0.000148,noun
excuse,37,0.000148,verb;noun
grow,37,0.000148,verb
movie,37,0.000148,noun
organization,37,0.000148,noun
record,37,0.000148,noun;verb
result,37,0.000148,noun;verb
section,37,0.000148,noun;verb
across,36,0.000144,preposition;adverb;adjective
already,36,0.000144,adverb
below,36,0.000144,adverb
building,36,0.000144,noun;verb
mouse,36,0.000144,noun;verb
allow,35,0.00014,verb
cash,35,0.00014,noun;verb
class,35,0.00014,noun;verb;adjective
clear,35,0.00014,adjective;adverb;verb
dry,35,0.00014,adjective;verb;noun
easy,35,0.00014,adjective;adverb;interjection
emotional,35,0.00014,adjective
equipment,35,0.00014,noun
live,35,0.00014,verb;adjective;adverb
nothing,35,0.00014,noun;pronoun;adjective;adverb
period,35,0.00014,noun;adjective
physics,35,0.00014,noun
plan,35,0.00014,noun;verb
store,35,0.00014,noun;verb
tax,35,0.00014,noun;verb
analysis,34,0.000136,noun
cold,34,0.000136,adjective;noun;adverb
commercial,34,0.000136,adjective;noun
directly,34,0.000136,adverb
full,34,0.000136,adjective;adverb;noun;verb
involved,34,0.000136,past;verb
itself,34,0.000136,pronoun
low,34,0.000136,adjective;noun;adverb;verb
old,34,0.000136,adjective
policy,34,0.000136,noun
political,34,0.000136,adjective
purchase,34,0.000136,verb;noun
series,34,0.000136,noun
side,34,0.000136,noun;verb
subject,34,0.000136,noun;adjective;adverb;verb
supply,34,0.000136,verb
therefore,34,0.000136,adverb
thought,34,0.000136,noun
basis,33,0.000132,noun
boyfriend,33,0.000132,noun
deal,33,0.000132,verb;noun
direction,33,0.000132,noun
mean,33,0.000132,verb;adjective;noun
primary,33,0.000132,adjective;noun
space,33,0.000132,noun;verb
strategy,33,0.000132,noun
technology,33,0.000132,noun
worth,33,0.000132,adjective;noun
army,32,0.000128,noun
camera,32,0.000128,noun
fall,32,0.000128,verb;noun
freedom,32,0.000128,noun
paper,32,0.000128,noun
rule,32,0.000128,noun;verb
similar,32,0.000128,adjective
stock,32,0.000128,noun;adjective;verb
weather,32,0.000128,noun;verb
yet,32,0.000128,adverb;conjunction
bring,31,0.000124,verb
chance,31,0.000124,noun;adjective;verb
environment,31,0.000124,noun
everyone,31,0.000124,pronoun
figure,31,0.000124,noun;verb
improve,31,0.000124,verb
man,31,0.000124,noun;verb;interjection
model,31,0.000124,noun;verb
necessary,31,0.000124,adjective;noun
positive,31,0.000124,adjective;noun
produce,31,0.000124,verb;noun
search,31,0.000124,verb;noun
source,31,0.000124,noun;verb
beginning,30,0.00012,noun;adjective;verb
child,30,0.00012,noun
earth,30,0.00012,noun;verb
else,30,0.00012,adverb
healthy,30,0.00012,adjective
instance,30,0.00012,noun
maintain,30,0.00012,verb
month,30,0.00012,noun
present,30,0.00012,adjective;noun;verb
program,30,0.00012,noun;verb
spend,30,0.00012,verb;noun
talk,30,0.00012,verb;noun
truth,30,0.00012,noun
upset,30,0.00012,verb;adjective
begin,29,0.000116,verb
chicken,29,0.000116,noun;adjective
close,29,0.000116,adjective;adverb;verb;noun
creative,29,0.000116,adjective;noun
design,29,0.000116,noun;verb
feature,29,0.000116,noun;verb
financial,29,0.000116,adjective
head,29,0.000116,noun;adjective;verb
marketing,29,0.000116,noun
material,29,0.000116,noun;adjective
medical,29,0.000116,adjective
purpose,29,0.000116,noun;verb
question,29,0.000116,noun;verb
rock,29,0.000116,noun;verb
salt,29,0.000116,noun;adjective;verb
tell,29,0.000116,verb;noun
themselves,29,0.000116,pronoun
traditional,29,0.000116,adjective
university,29,0.000116,noun
writing,29,0.000116,noun
act,28,0.000112,noun;verb
article,28,0.000112,noun
birth,28,0.000112,noun;verb
car,28,0.000112,noun;adjective
cost,28,0.000112,verb;noun
department,28,0.000112,noun
difference,28,0.000112,noun
dog,28,0.000112,noun;verb
drive,28,0.000112,verb;noun
exist,28,0.000112,verb
federal,28,0.000112,adjective
goal,28,0.000112,noun
green,28,0.000112,adjective;noun;verb
late,28,0.000112,adjective;adverb;noun
news,28,0.000112,noun
object,28,0.000112,noun;verb
scale,28,0.000112,noun;verb
sun,28,0.000112,noun;verb
support,28,0.000112,verb;noun
tend,28,0.000112,verb
thus,28,0.000112,adverb
audience,27,0.000108,noun
enjoy,27,0.000108,verb
entire,27,0.000108,adjective
fishing,27,0.000108,noun
fit,27,0.000108,adjective;verb;noun
glad,27,0.000108,adjective;noun
growth,27,0.000108,noun
income,27,0.000108,noun
marriage,27,0.000108,noun
note,27,0.000108,noun;verb
perform,27,0.000108,verb
profit,27,0.000108,noun;verb
proper,27,0.000108,adjective;adverb;noun
related,27,0.000108,past;verb
remove,27,0.000108,verb;noun
rent,27,0.000108,noun;verb
return,27,0.000108,verb;noun
run,27,0.000108,verb;noun
speed,27,0.000108,noun;verb
strong,27,0.000108,adjective
style,27,0.000108,noun;verb
throughout,27,0.000108,preposition
user,27,0.000108,noun
war,27,0.000108,noun;verb
actual,26,0.000104,adjective
appropriate,26,0.000104,verb;adjective
bank,26,0.000104,noun;verb
combination,26,0.000104,noun
complex,26,0.000104,adjective;noun;verb
content,26,0.000104,adjective;verb;noun
craft,26,0.000104,noun;verb
due,26,0.000104,adjective;noun;adverb
easily,26,0.000104,adverb
effective,26,0.000104,adjective;noun
eventually,26,0.000104,adverb
exactly,26,0.000104,adverb
failure,26,0.000104,noun
half,26,0.000104,noun;predeterminer;adverb
inside,26,0.000104,noun;adjective;preposition
meaning,26,0.000104,noun
medicine,26,0.000104,noun
middle,26,0.000104,adjective;noun
outside,26,0.000104,noun;adjective;preposition
philosophy,26,0.000104,noun
regular,26,0.000104,adjective;noun
reserve,26,0.000104,verb;noun
standard,26,0.000104,noun;adjective
bus,25,0.0001,noun;verb
decide,25,0.0001,verb
exchange,25,0.0001,noun;verb
eye,25,0.0001,noun;verb
fast,25,0.0001,adjective;adverb;verb
fire,25,0.0001,noun;verb
identify,25,0.0001,verb
independent,25,0.0001,adjective;noun
leave,25,0.0001,verb;noun
original,25,0.0001,adjective;noun
position,25,0.0001,noun;verb
pressure,25,0.0001,noun;verb
reach,25,0.0001,verb;noun
rest,25,0.0001,verb;noun
serve,25,0.0001,verb;noun
stress,25,0.0001,noun;verb
teacher,25,0.0001,noun
watch,25,0.0001,verb;noun
wide,25,0.0001,adjective;adverb
advantage,24,0.000096,noun;verb
beautiful,24,0.000096,adjective;noun;interjection
benefit,24,0.000096,noun;verb
box,24,0.000096,noun;verb
charge,24,0.000096,verb;noun
communication,24,0.000096,noun
complete,24,0.000096,adjective;verb
continue,24,0.000096,verb
frame,24,0.000096,noun;verb
issue,24,0.000096,noun;verb
limited,24,0.000096,past;verb
night,24,0.000096,noun
protect,24,0.000096,verb
require,24,0.000096,verb
significant,24,0.000096,adjective
step,24,0.000096,noun;verb
successful,24,0.000096,adjective
unless,24,0.000096,conjunction
active,23,0.000092,adjective;noun
break,23,0.000092,verb;noun
chemistry,23,0.000092,noun
cycle,23,0.000092,noun;verb
disease,23,0.000092,noun
disk,23,0.000092,noun
electrical,23,0.000092,adjective
energy,23,0.000092,noun
expensive,23,0.000092,adjective
face,23,0.000092,noun;verb
interested,23,0.000092,past;verb
item,23,0.000092,noun;adverb
metal,23,0.000092,noun;verb
nation,23,0.000092,noun
negative,23,0.000092,adjective;noun;interjection;verb
occur,23,0.000092,verb
paint,23,0.000092,noun;verb
pregnant,23,0.000092,adjective
review,23,0.000092,noun;verb
road,23,0.000092,noun
role,23,0.000092,noun
room,23,0.000092,noun;verb
safe,23,0.000092,adjective;noun
screen,23,0.000092,noun;verb
soup,23,0.000092,noun
stay,23,0.000092,verb;noun
structure,23,0.000092,noun;verb
view,23,0.000092,noun;verb
visit,23,0.000092,verb;noun
visual,23,0.000092,adjective;noun
write,23,0.000092,verb
wrong,23,0.000092,adjective;adverb;noun;verb
account,22,0.000088,noun;verb
advertising,22,0.000088,noun
affect,22,0.000088,verb;noun
ago,22,0.000088,adjective;adverb
anyone,22,0.000088,pronoun
approach,22,0.000088,verb
avoid,22,0.000088,verb
ball,22,0.000088,noun;verb
behind,22,0.000088,preposition;adverb;adjective;noun
certainly,22,0.000088,adverb
concerned,22,0.000088,past;verb
cover,22,0.000088,verb;noun
discipline,22,0.000088,noun;verb
location,22,0.000088,noun
medium,22,0.000088,noun;adjective
normally,22,0.000088,adverb
prepare,22,0.000088,verb
quick,22,0.000088,adjective;adverb;noun
ready,22,0.000088,adjective;verb
report,22,0.000088,verb;noun
rise,22,0.000088,verb;noun
share,22,0.000088,noun;verb
success,22,0.000088,noun
addition,21,0.000084,noun
apartment,21,0.000084,noun
balance,21,0.000084,noun;verb
bit,21,0.000084,noun;verb
black,21,0.000084,noun;verb;adjective;adverb
bottom,21,0.000084,noun;verb;adjective
build,21,0.000084,verb
choice,21,0.000084,noun;adjective
education,21,0.000084,noun
gift,21,0.000084,noun;verb
impact,21,0.000084,noun;verb
machine,21,0.000084,noun;verb
math,21,0.000084,noun
moment,21,0.000084,noun
painting,21,0.000084,noun
politics,21,0.000084,noun
shape,21,0.000084,noun;verb
straight,21,0.000084,adjective;adverb;noun
tool,21,0.000084,noun;verb
walk,21,0.000084,verb;noun
white,21,0.000084,adjective;noun;verb
wind,21,0.000084,noun;verb
achieve,20,0.00008,verb
address,20,0.00008,noun;verb
attention,20,0.00008,noun
average,20,0.00008,noun;verb;adjective
believe,20,0.00008,verb
beyond,20,0.00008,preposition;noun
career,20,0.00008,noun;verb;adjective
culture,20,0.00008,noun;verb
decision,20,0.00008,noun
direct,20,0.00008,adjective;adverb;verb
event,20,0.00008,noun
excellent,20,0.00008,adjective;interjection
extra,20,0.00008,adjective;adverb;noun
intelligent,20,0.00008,adjective
interesting,20,0.00008,adjective
junior,20,0.00008,adjective;noun
morning,20,0.00008,noun;adverb
pick,20,0.00008,verb;noun
poor,20,0.00008,adjective
pot,20,0.00008,noun;verb
pretty,20,0.00008,adjective;adverb;noun;verb
property,20,0.00008,noun
receive,20,0.00008,verb
seem,20,0.00008,verb
shopping,20,0.00008,noun
sign,20,0.00008,noun;verb
student,20,0.00008,noun
table,20,0.00008,noun;verb
task,20,0.00008,noun;verb
unique,20,0.00008,adjective;noun
wood,20,0.00008,noun
anything,19,0.000076,pronoun;noun;adverb
classic,19,0.000076,adjective;noun
competition,19,0.000076,noun
condition,19,0.000076,noun;verb
contact,19,0.000076,noun;verb
credit,19,0.000076,noun;verb
currently,19,0.000076,adverb
discuss,19,0.000076,verb
distribution,19,0.000076,noun
egg,19,0.000076,noun;verb
entertainment,19,0.000076,noun
final,19,0.000076,adjective;noun
happy,19,0.000076,adjective
hope,19,0.000076,noun;verb
ice,19,0.000076,noun;verb
lift,19,0.000076,verb;noun
mix,19,0.000076,verb;noun
network,19,0.000076,noun;verb
north,19,0.000076,noun;adjective;adverb
office,19,0.000076,noun
overall,19,0.000076,adjective;adverb;noun
population,19,0.000076,noun
president,19,0.000076,noun
private,19,0.000076,adjective;noun
realize,19,0.000076,verb
responsible,19,0.000076,adjective
separate,19,0.000076,adjective;verb;noun
square,19,0.000076,noun;adjective;adverb
stop,19,0.000076,verb;noun
teach,19,0.000076,verb;noun
unit,19,0.000076,noun
western,19,0.000076,adjective;noun
yes,19,0.000076,interjection
alone,18,0.000072,adjective;adverb
attempt,18,0.000072,noun;verb
category,18,0.000072,noun
cigarette,18,0.000072,noun
concern,18,0.000072,verb;noun
contain,18,0.000072,verb
context,18,0.000072,noun
cute,18,0.000072,adjective
date,18,0.000072,noun;verb
effect,18,0.000072,noun;verb
extremely,18,0.000072,adverb
familiar,18,0.000072,adjective;noun
finally,18,0.000072,adverb
fly,18,0.000072,verb;noun
follow,18,0.000072,verb
helpful,18,0.000072,adjective
introduction,18,0.000072,noun
link,18,0.000072,noun;verb
official,18,0.000072,adjective;noun
opportunity,18,0.000072,noun
perfect,18,0.000072,adjective;verb;noun
performance,18,0.000072,noun
post,18,0.000072,noun;verb;adverb
recent,18,0.000072,adjective
refer,18,0.000072,verb
solve,18,0.000072,verb
star,18,0.000072,noun;verb
voice,18,0.000072,noun;verb
willing,18,0.000072,adjective
born,17,0.000068,verb;adjective;past particple
bright,17,0.000068,adjective;adverb;noun
broad,17,0.000068,adjective;noun
capital,17,0.000068,noun;adjective
challenge,17,0.000068,noun;verb;adjective
comfortable,17,0.000068,adjective;noun
constantly,17,0.000068,adverb
describe,17,0.000068,verb
despite,17,0.000068,preposition
driver,17,0.000068,noun
flat,17,0.000068,adjective;adverb;noun;verb
flight,17,0.000068,noun
friend,17,0.000068,noun;verb
gain,17,0.000068,verb;noun
him,17,0.000068,pronoun
length,17,0.000068,noun
magazine,17,0.000068,noun
maybe,17,0.000068,adverb;noun
newspaper,17,0.000068,noun
nice,17,0.000068,adjective
prefer,17,0.000068,verb
prevent,17,0.000068,verb
properly,17,0.000068,adverb
relationship,17,0.000068,noun
rich,17,0.000068,adjective;noun
save,17,0.000068,verb;noun;preposition
self,17,0.000068,noun;pronoun;adjective;verb
shot,17,0.000068,noun;adjective
soon,17,0.000068,adverb
specifically,17,0.000068,adverb
stand,17,0.000068,verb;noun
teaching,17,0.000068,noun
warm,17,0.000068,adjective;verb
wonderful,17,0.000068,adjective
young,17,0.000068,adjective;noun
ahead,16,0.000064,adverb
brush,16,0.000064,noun;verb
cell,16,0.000064,noun
couple,16,0.000064,noun;verb
daily,16,0.000064,adverb
dealer,16,0.000064,noun
debate,16,0.000064,noun;verb
discover,16,0.000064,verb
ensure,16,0.000064,verb
exit,16,0.000064,noun;verb
expect,16,0.000064,verb
experienced,16,0.000064,past;verb
fail,16,0.000064,verb;noun
finding,16,0.000064,noun
front,16,0.000064,noun;adjective;verb;interjection
function,16,0.000064,noun;verb
heavy,16,0.000064,adjective;noun;adverb
hello,16,0.000064,interjection;noun
highly,16,0.000064,adverb
immediately,16,0.000064,adverb
impossible,16,0.000064,adjective
invest,16,0.000064,verb
lack,16,0.000064,noun;verb
lake,16,0.000064,noun
lead,16,0.000064,verb;noun
listen,16,0.000064,verb;noun
living,16,0.000064,noun;adjective
member,16,0.000064,noun
message,16,0.000064,noun
phone,16,0.000064,noun
plant,16,0.000064,noun;verb
plastic,16,0.000064,noun;adjective
reduce,16,0.000064,verb
relatively,16,0.000064,adverb
scene,16,0.000064,noun
serious,16,0.000064,adjective
slowly,16,0.000064,adverb
speak,16,0.000064,verb
spot,16,0.000064,noun;verb
summer,16,0.000064,noun;verb
taste,16,0.000064,noun;verb
theme,16,0.000064,noun;verb
towards,16,0.000064,preposition
track,16,0.000064,noun;verb
valuable,16,0.000064,adjective;noun
whatever,16,0.000064,pronoun;adverb;interjection
wing,16,0.000064,noun;verb
worry,16,0.000064,verb;noun
appear,15,0.00006,verb
appearance,15,0.00006,noun
association,15,0.00006,noun
brain,15,0.00006,noun;verb
button,15,0.00006,noun;verb
click,15,0.00006,noun;verb
concept,15,0.00006,noun
correct,15,0.00006,adjective;verb
customer,15,0.00006,noun
death,15,0.00006,noun
desire,15,0.00006,noun;verb
discussion,15,0.00006,noun
explain,15,0.00006,verb
explore,15,0.00006,verb
express,15,0.00006,verb;adjective;adverb;noun
fairly,15,0.00006,adverb
fixed,15,0.00006,past;verb
foot,15,0.00006,noun;verb
gas,15,0.00006,noun;verb
handle,15,0.00006,verb;noun
housing,15,0.00006,noun
huge,15,0.00006,adjective
inflation,15,0.00006,noun
influence,15,0.00006,noun;verb
insurance,15,0.00006,noun
involve,15,0.00006,verb
leading,15,0.00006,adjective;noun
lose,15,0.00006,verb
meet,15,0.00006,verb;noun
mood,15,0.00006,noun
notice,15,0.00006,noun;verb
primarily,15,0.00006,adverb
rain,15,0.00006,noun;verb
rare,15,0.00006,adjective
release,15,0.00006,verb;noun
sell,15,0.00006,verb;noun
slow,15,0.00006,adjective;adverb;verb
technical,15,0.00006,adjective
typical,15,0.00006,adjective
upon,15,0.00006,preposition
wall,15,0.00006,noun;verb
woman,15,0.00006,noun
advice,14,0.000056,noun
afford,14,0.000056,verb
agree,14,0.000056,verb
base,14,0.000056,noun;verb;adjective
blood,14,0.000056,noun
clean,14,0.000056,adjective;adverb;verb
competitive,14,0.000056,adjective
completely,14,0.000056,adverb
critical,14,0.000056,adjective
damage,14,0.000056,noun;verb
distance,14,0.000056,noun;verb
effort,14,0.000056,noun
electronic,14,0.000056,adjective
expression,14,0.000056,noun
feeling,14,0.000056,noun;adjective
finish,14,0.000056,verb;noun
fresh,14,0.000056,adjective;adverb
hear,14,0.000056,verb
immediate,14,0.000056,adjective
importance,14,0.000056,noun
normal,14,0.000056,adjective;noun
opinion,14,0.000056,noun
otherwise,14,0.000056,adverb;adjective
pair,14,0.000056,noun;verb
payment,14,0.000056,noun
plus,14,0.000056,preposition;adjective;noun;conjunction
press,14,0.000056,verb;noun
reality,14,0.000056,noun
remain,14,0.000056,verb
represent,14,0.000056,verb
responsibility,14,0.000056,noun
ride,14,0.000056,verb;noun
savings,14,0.000056,noun;adjective;preposition
secret,14,0.000056,adjective;noun
situation,14,0.000056,noun
skill,14,0.000056,noun
spread,14,0.000056,verb;noun
spring,14,0.000056,verb;noun
staff,14,0.000056,noun;verb
statement,14,0.000056,noun
sugar,14,0.000056,noun;verb
target,14,0.000056,noun;verb
text,14,0.000056,noun;verb
tough,14,0.000056,adjective;noun
ultimately,14,0.000056,adverb
wait,14,0.000056,verb;noun
wealth,14,0.000056,noun
whenever,14,0.000056,conjunction;adverb
whose,14,0.000056,pronoun
widely,14,0.000056,adverb
animal,13,0.000052,noun;adjective
application,13,0.000052,noun
apply,13,0.000052,verb
author,13,0.000052,noun;verb
aware,13,0.000052,adjective
brown,13,0.000052,adjective;noun;verb
budget,13,0.000052,noun;adjective;verb
cheap,13,0.000052,adjective;adverb
city,13,0.000052,noun
complicated,13,0.000052,past;verb
county,13,0.000052,noun
deep,13,0.000052,adjective;noun;adverb
depth,13,0.000052,noun
discount,13,0.000052,noun;verb;adjective
display,13,0.000052,verb;noun
educational,13,0.000052,adjective
environmental,13,0.000052,adjective
estate,13,0.000052,noun
file,13,0.000052,noun;verb
flow,13,0.000052,verb;noun
forget,13,0.000052,verb
foundation,13,0.000052,noun
global,13,0.000052,adjective
grandmother,13,0.000052,noun
ground,13,0.000052,noun;verb;adjective
heart,13,0.000052,noun
hit,13,0.000052,verb;noun
legal,13,0.000052,adjective
lesson,13,0.000052,noun;verb
minute,13,0.000052,noun;adjective;verb
near,13,0.000052,adverb;preposition;adjective;verb
objective,13,0.000052,adjective;noun
officer,13,0.000052,noun;verb
perspective,13,0.000052,noun
phase,13,0.000052,noun;verb
photo,13,0.000052,noun
recently,13,0.000052,adverb
recipe,13,0.000052,noun
recommend,13,0.000052,verb
reference,13,0.000052,noun;verb;adjective
register,13,0.000052,noun;verb
relevant,13,0.000052,adjective
rely,13,0.000052,verb
secure,13,0.000052,adjective;verb
seriously,13,0.000052,adverb
shoot,13,0.000052,verb;noun;interjection
sky,13,0.000052,noun;verb
stage,13,0.000052,noun;verb
stick,13,0.000052,noun;verb
studio,13,0.000052,noun
thin,13,0.000052,adjective;adverb;verb
title,13,0.000052,noun;verb
topic,13,0.000052,noun
touch,13,0.000052,verb;noun
trouble,13,0.000052,noun;verb
vary,13,0.000052,verb
accurate,12,0.000048,adjective
advanced,12,0.000048,past;verb;adjective;noun
bowl,12,0.000048,noun;verb
bridge,12,0.000048,noun;verb
campaign,12,0.000048,noun;verb
cancel,12,0.000048,verb;noun
capable,12,0.000048,adjective
character,12,0.000048,noun;adjective;verb
chemical,12,0.000048,adjective;noun
club,12,0.000048,noun;verb
collection,12,0.000048,noun
cool,12,0.000048,adjective;adverb;noun;verb
cry,12,0.000048,verb;noun;idiom
dangerous,12,0.000048,adjective
depression,12,0.000048,noun
dump,12,0.000048,verb;noun;idiom
edge,12,0.000048,noun;verb;idiom
evidence,12,0.000048,noun;verb;idiom
extreme,12,0.000048,adjective;noun
fan,12,0.000048,noun;verb;idiom
frequently,12,0.000048,adverb
fully,12,0.000048,adverb
generate,12,0.000048,verb
imagination,12,0.000048,noun
letter,12,0.000048,noun;verb;idiom
lock,12,0.000048,noun;verb;idiom
maximum,12,0.000048,noun;adjective
mostly,12,0.000048,adverb
myself,12,0.000048,pronoun
naturally,12,0.000048,adverb
nearly,12,0.000048,adverb
novel,12,0.000048,noun;adjective
obtain,12,0.000048,verb
occasionally,12,0.000048,adverb
option,12,0.000048,noun;verb
organized,12,0.000048,past;verb
pack,12,0.000048,noun;verb;adjective;idiom
park,12,0.000048,noun;verb
passion,12,0.000048,noun
percentage,12,0.000048,noun
plenty,12,0.000048,noun;adjective;adverb
push,12,0.000048,verb;noun;idiom
quarter,12,0.000048,noun;verb;adjective
resource,12,0.000048,noun
select,12,0.000048,verb;adjective
setting,12,0.000048,noun
skin,12,0.000048,noun;verb
sort,12,0.000048,noun;verb
weight,12,0.000048,noun;verb
accept,11,0.000044,verb
ad,11,0.000044,noun
agency,11,0.000044,noun
baby,11,0.000044,noun;verb;adjective
background,11,0.000044,noun;adjective
carefully,11,0.000044,adverb
carry,11,0.000044,noun;verb
clearly,11,0.000044,adverb
college,11,0.000044,noun
communicate,11,0.000044,verb
complain,11,0.000044,verb
conflict,11,0.000044,verb;noun
connection,11,0.000044,noun
criticism,11,0.000044,noun
debt,11,0.000044,noun
depend,11,0.000044,verb
description,11,0.000044,noun
die,11,0.000044,verb;idiom
dish,11,0.000044,noun;verb;idiom
dramatic,11,0.000044,adjective
eat,11,0.000044,verb;noun;idiom
efficient,11,0.000044,adjective
enter,11,0.000044,verb
essentially,11,0.000044,adverb
exact,11,0.000044,adjective;verb
factor,11,0.000044,noun;verb
fair,11,0.000044,adjective;adverb;noun;idiom
fill,11,0.000044,verb;noun;idiom
fine,11,0.000044,adjective;adverb;verb;noun
formal,11,0.000044,adjective;noun;adverb
forward,11,0.000044,adverb;adjective;noun;verb
fruit,11,0.000044,noun;verb
glass,11,0.000044,noun;adjective;verb
happen,11,0.000044,verb
indicate,11,0.000044,verb
joint,11,0.000044,noun;adjective;verb;idiom
jump,11,0.000044,verb;noun;adjective;adverb
kick,11,0.000044,verb;noun;idiom
master,11,0.000044,noun;adjective;verb
memory,11,0.000044,noun
muscle,11,0.000044,noun;verb;adjective
opposite,11,0.000044,adjective;noun;preposition;adverb
pass,11,0.000044,verb;noun;idiom
patience,11,0.000044,noun
pitch,11,0.000044,verb;noun
possibly,11,0.000044,adverb
powerful,11,0.000044,adjective
red,11,0.000044,noun;adjective;idiom
remote,11,0.000044,adjective;noun
secretary,11,0.000044,noun
slightly,11,0.000044,adverb
solution,11,0.000044,noun
somewhat,11,0.000044,adverb
strength,11,0.000044,noun;idiom
suggest,11,0.000044,verb
survive,11,0.000044,verb
total,11,0.000044,adjective;noun;verb
traffic,11,0.000044,noun;verb
treat,11,0.000044,verb;noun
trip,11,0.000044,noun;verb;idiom
vast,11,0.000044,adjective;noun
vegetable,11,0.000044,noun;adjective
abuse,10,0.00004,verb;noun
administration,10,0.00004,noun
appeal,10,0.00004,noun;verb
appreciate,10,0.00004,verb
aspect,10,0.00004,noun
attitude,10,0.00004,noun
beat,10,0.00004,verb;noun;adjective
burn,10,0.00004,verb;noun
chart,10,0.00004,noun;verb
compare,10,0.00004,verb
deposit,10,0.00004,verb;noun
director,10,0.00004,noun
equally,10,0.00004,adverb
foreign,10,0.00004,adjective
gear,10,0.00004,noun;verb;adjective;idiom
greatly,10,0.00004,adverb
hungry,10,0.00004,adjective
ideal,10,0.00004,noun;adjective
imagine,10,0.00004,verb
kitchen,10,0.00004,noun;adjective
land,10,0.00004,noun;verb;idiom
log,10,0.00004,noun;verb
lost,10,0.00004,adjective;verb;idiom
manage,10,0.00004,verb
mother,10,0.00004,noun;adjective;verb;idiom
necessarily,10,0.00004,adverb
net,10,0.00004,noun;verb
party,10,0.00004,noun;adjective;verb
personality,10,0.00004,noun
personally,10,0.00004,adverb
practical,10,0.00004,adjective
principle,10,0.00004,noun;idiom
print,10,0.00004,verb;noun;adjective;idiom
psychological,10,0.00004,adjective
psychology,10,0.00004,noun
raise,10,0.00004,verb;noun;idiom
rarely,10,0.00004,adverb
recommendation,10,0.00004,noun
regularly,10,0.00004,adverb
relative,10,0.00004,noun;adjective
response,10,0.00004,noun
sale,10,0.00004,noun;idiom
season,10,0.00004,noun;verb;idiom
selection,10,0.00004,noun
severe,10,0.00004,adjective
signal,10,0.00004,noun;adjective;verb
similarly,10,0.00004,adverb
sleep,10,0.00004,verb;noun;idiom
smooth,10,0.00004,adjective;adverb;verb;noun
somewhere,10,0.00004,adverb;noun
spirit,10,0.00004,noun;verb;idiom
storage,10,0.00004,noun
street,10,0.00004,noun;adjective;idiom
suitable,10,0.00004,adjective
tree,10,0.00004,noun;verb;idiom
version,10,0.00004,noun
wave,10,0.00004,noun;verb;idiom
advance,9,0.000036,verb;noun;adjective
alcohol,9,0.000036,noun
anywhere,9,0.000036,adverb;noun
argument,9,0.000036,noun
basically,9,0.000036,adverb
belt,9,0.000036,noun;verb
bench,9,0.000036,noun;verb
closed,9,0.000036,past;verb
closely,9,0.000036,adverb
commission,9,0.000036,noun;verb
complaint,9,0.000036,noun
connect,9,0.000036,verb;adjective
consist,9,0.000036,verb;noun
contract,9,0.000036,noun
contribute,9,0.000036,verb;idiom
copy,9,0.000036,noun;verb;idiom
dark,9,0.000036,adjective;noun;idiom
differ,9,0.000036,verb
double,9,0.000036,adjective;noun;verb;adverb
draw,9,0.000036,verb;noun;idiom
drop,9,0.000036,noun;verb
effectively,9,0.000036,adverb
emphasis,9,0.000036,noun
encourage,9,0.000036,verb
equal,9,0.000036,adjective;noun;verb
everybody,9,0.000036,pronoun
expand,9,0.000036,verb
firm,9,0.000036,adjective;verb;adverb;noun
fix,9,0.000036,verb;noun;idiom
frequent,9,0.000036,adjective;verb
highway,9,0.000036,noun
hire,9,0.000036,verb;noun;adjective;idiom
initially,9,0.000036,adverb
internal,9,0.000036,adjective;noun
join,9,0.000036,verb;noun
kill,9,0.000036,verb;noun;idiom
literally,9,0.000036,adverb
loss,9,0.000036,noun
mainly,9,0.000036,adverb
membership,9,0.000036,noun
merely,9,0.000036,adverb
minimum,9,0.000036,noun;adjective
numerous,9,0.000036,adjective
path,9,0.000036,noun;idiom
possession,9,0.000036,noun
preparation,9,0.000036,noun
progress,9,0.000036,noun;verb;idiom
project,9,0.000036,noun;verb
prove,9,0.000036,verb
react,9,0.000036,verb
recognize,9,0.000036,verb
relax,9,0.000036,verb
replace,9,0.000036,verb
sea,9,0.000036,noun;adjective;idiom
sensitive,9,0.000036,adjective;noun
sit,9,0.000036,verb;idiom
south,9,0.000036,noun;adjective;adverb;verb
status,9,0.000036,noun;adjective
steak,9,0.000036,noun
stuff,9,0.000036,noun;verb
sufficient,9,0.000036,adjective
tap,9,0.000036,verb;noun
ticket,9,0.000036,noun;verb;idiom
tour,9,0.000036,noun;verb
union,9,0.000036,noun
unusual,9,0.000036,adjective
win,9,0.000036,verb;noun
agreement,8,0.000032,noun
angle,8,0.000032,noun;verb
attack,8,0.000032,verb;noun
blue,8,0.000032,noun;verb;adjective
borrow,8,0.000032,verb
breakfast,8,0.000032,noun;verb
cancer,8,0.000032,noun
claim,8,0.000032,verb;noun
confidence,8,0.000032,noun;idiom
consistent,8,0.000032,adjective
constant,8,0.000032,adjective;noun
cultural,8,0.000032,adjective
currency,8,0.000032,noun
daughter,8,0.000032,noun;adjective
degree,8,0.000032,noun;idiom
doctor,8,0.000032,noun;verb
dot,8,0.000032,noun;verb;idiom
drag,8,0.000032,verb;noun;adjective;idiom
dream,8,0.000032,noun;verb;adjective
drink,8,0.000032,verb;noun
duty,8,0.000032,noun;idiom
earn,8,0.000032,verb
emphasize,8,0.000032,verb
employment,8,0.000032,noun
enable,8,0.000032,verb
engineering,8,0.000032,noun
entry,8,0.000032,noun
essay,8,0.000032,noun;verb
existing,8,0.000032,adjective
famous,8,0.000032,adjective
father,8,0.000032,noun;verb
fee,8,0.000032,noun;verb
finance,8,0.000032,noun;verb
gently,8,0.000032,adverb
guess,8,0.000032,verb;noun;idiom
hopefully,8,0.000032,adverb
hour,8,0.000032,noun;adjective;idiom
interaction,8,0.000032,noun
juice,8,0.000032,noun;verb;idiom
limit,8,0.000032,noun;verb
luck,8,0.000032,noun;verb;idiom
milk,8,0.000032,noun;verb;idiom
minor,8,0.000032,adjective;noun;verb
mixed,8,0.000032,past;verb
mixture,8,0.000032,noun
mouth,8,0.000032,noun;verb;idiom
nor,8,0.000032,conjunction
operate,8,0.000032,verb
originally,8,0.000032,adverb
peace,8,0.000032,noun;interjection;verb;idiom
pipe,8,0.000032,noun;verb
please,8,0.000032,adverb;verb;idiom
preference,8,0.000032,noun
previous,8,0.000032,adjective;idiom
pull,8,0.000032,verb;noun
pure,8,0.000032,adjective
raw,8,0.000032,adjective;noun;idiom
reflect,8,0.000032,verb
region,8,0.000032,noun
republic,8,0.000032,noun
roughly,8,0.000032,adverb
seat,8,0.000032,noun;verb
send,8,0.000032,verb
significantly,8,0.000032,adverb
soft,8,0.000032,adjective;noun;adverb;interjection
solid,8,0.000032,adjective;noun
stable,8,0.000032,noun;verb
storm,8,0.000032,noun;verb;idiom
substance,8,0.000032,noun;idiom
team,8,0.000032,noun;verb;adjective
tradition,8,0.000032,noun
trick,8,0.000032,noun;adjective;verb;idiom
virus,8,0.000032,noun
wear,8,0.000032,verb;noun;idiom
weird,8,0.000032,adjective;noun
wonder,8,0.000032,verb;noun;idiom
actor,7,0.000028,noun
afraid,7,0.000028,adjective
afternoon,7,0.000028,noun;adjective
amazing,7,0.000028,adjective;verb
annual,7,0.000028,adjective;noun
anticipate,7,0.000028,verb
assume,7,0.000028,verb
bat,7,0.000028,noun;verb
beach,7,0.000028,noun;verb
blank,7,0.000028,noun;verb;adjective
busy,7,0.000028,adjective;verb
catch,7,0.000028,noun;verb
chain,7,0.000028,noun;verb
classroom,7,0.000028,noun
consideration,7,0.000028,noun;idiom
count,7,0.000028,verb;noun;adjective;idiom
cream,7,0.000028,noun;verb;adjective;idiom
crew,7,0.000028,noun;verb
dead,7,0.000028,adjective;noun;adverb;idiom
delivery,7,0.000028,noun
detail,7,0.000028,noun;verb;idiom
detailed,7,0.000028,past;verb
device,7,0.000028,noun
difficulty,7,0.000028,noun
doubt,7,0.000028,verb;noun;idiom
drama,7,0.000028,noun
election,7,0.000028,noun
engage,7,0.000028,verb
engine,7,0.000028,noun
enhance,7,0.000028,verb
examine,7,0.000028,verb
FALSE,7,0.000028,adjective;adverb;idiom
feed,7,0.000028,verb;noun;idiom
football,7,0.000028,noun
forever,7,0.000028,adverb;noun;idiom
gold,7,0.000028,noun;adjective
guidance,7,0.000028,noun
hotel,7,0.000028,noun
impress,7,0.000028,verb;noun
install,7,0.000028,verb
interview,7,0.000028,noun;verb
kid,7,0.000028,noun;verb;adjective
mark,7,0.000028,noun;verb;idiom
match,7,0.000028,noun;verb
mission,7,0.000028,noun;adjective
nobody,7,0.000028,pronoun;noun
obvious,7,0.000028,adjective
ourselves,7,0.000028,pronoun
owner,7,0.000028,noun
pain,7,0.000028,noun;verb;idiom
participate,7,0.000028,verb
pleasure,7,0.000028,noun;verb
priority,7,0.000028,noun
protection,7,0.000028,noun
repeat,7,0.000028,verb;noun
round,7,0.000028,adjective;noun;adverb;verb
score,7,0.000028,noun;verb;idiom
screw,7,0.000028,noun;verb;idiom
seek,7,0.000028,verb;idiom
sex,7,0.000028,noun;verb;idiom
sharp,7,0.000028,adjective;verb;adverb;noun
shop,7,0.000028,noun;verb;interjection;idiom
shower,7,0.000028,noun;verb;idiom
sing,7,0.000028,verb;noun
slide,7,0.000028,verb;noun;idiom
strip,7,0.000028,verb;noun
suggestion,7,0.000028,noun
suit,7,0.000028,noun;verb;idiom
tension,7,0.000028,noun
thick,7,0.000028,adjective;adverb;noun;idiom
tone,7,0.000028,noun;verb
totally,7,0.000028,adverb
twice,7,0.000028,adverb
variation,7,0.000028,noun
whereas,7,0.000028,conjunction;noun
window,7,0.000028,noun;verb
wise,7,0.000028,adjective;verb;idiom
wish,7,0.000028,verb;noun
agent,6,0.000024,noun;adjective;verb
anxiety,6,0.000024,noun
atmosphere,6,0.000024,noun
awareness,6,0.000024,noun
band,6,0.000024,noun;verb
bath,6,0.000024,noun
block,6,0.000024,noun;verb
bone,6,0.000024,noun;verb;adverb
bread,6,0.000024,noun
calendar,6,0.000024,noun;verb
candidate,6,0.000024,noun
cap,6,0.000024,noun;verb
careful,6,0.000024,adjective
climate,6,0.000024,noun
coat,6,0.000024,noun;verb
collect,6,0.000024,verb;adverb;noun
combine,6,0.000024,verb;noun
command,6,0.000024,verb;noun
comparison,6,0.000024,noun
confusion,6,0.000024,noun
construction,6,0.000024,noun
contest,6,0.000024,noun;verb
corner,6,0.000024,noun;adjective;verb;idiom
court,6,0.000024,noun;verb;idiom
cup,6,0.000024,noun;verb
dig,6,0.000024,verb;noun
district,6,0.000024,noun;verb
divide,6,0.000024,verb;noun
door,6,0.000024,noun;idiom
east,6,0.000024,noun;adjective;adverb
elevator,6,0.000024,noun
elsewhere,6,0.000024,adverb
emotion,6,0.000024,noun
employee,6,0.000024,noun
employer,6,0.000024,noun
equivalent,6,0.000024,adjective;noun
everywhere,6,0.000024,adverb
except,6,0.000024,preposition;conjunction;idiom
finger,6,0.000024,noun;verb;idiom
garage,6,0.000024,noun;verb
guarantee,6,0.000024,noun;verb
guest,6,0.000024,noun
hang,6,0.000024,verb;noun;idiom
height,6,0.000024,noun
himself,6,0.000024,pronoun
hole,6,0.000024,noun;verb;idiom
hook,6,0.000024,noun;verb;idiom
hunt,6,0.000024,verb;noun
implement,6,0.000024,noun;verb
initial,6,0.000024,adjective;noun;verb
intend,6,0.000024,verb
introduce,6,0.000024,verb
latter,6,0.000024,adjective
layer,6,0.000024,noun;verb
leadership,6,0.000024,noun
lecture,6,0.000024,noun;verb
lie,6,0.000024,noun;verb;idiom
mall,6,0.000024,noun
manager,6,0.000024,noun
manner,6,0.000024,noun;idiom
march,6,0.000024,verb;noun;idiom
married,6,0.000024,past;verb;adjective;noun
meeting,6,0.000024,noun;idiom
mention,6,0.000024,verb;noun;idiom
narrow,6,0.000024,adjective;verb;noun
nearby,6,0.000024,adjective;adverb
neither,6,0.000024,conjunction;adjective;pronoun
nose,6,0.000024,noun;verb;idiom
obviously,6,0.000024,adverb
operation,6,0.000024,noun
parking,6,0.000024,noun;adjective
partner,6,0.000024,noun;verb
perfectly,6,0.000024,adverb
physically,6,0.000024,adverb
profile,6,0.000024,noun;verb
proud,6,0.000024,adjective;idiom
recording,6,0.000024,noun
relate,6,0.000024,verb
respect,6,0.000024,noun;verb
rice,6,0.000024,noun;verb
routine,6,0.000024,noun;adjective
sample,6,0.000024,noun
schedule,6,0.000024,noun;verb
settle,6,0.000024,verb
smell,6,0.000024,verb;noun
somehow,6,0.000024,adverb;idiom
spiritual,6,0.000024,adjective;noun
survey,6,0.000024,verb;noun
swimming,6,0.000024,noun;adjective
telephone,6,0.000024,noun;verb
tie,6,0.000024,verb;noun;idiom
tip,6,0.000024,noun;verb
transportation,6,0.000024,noun
unhappy,6,0.000024,adjective
wild,6,0.000024,adjective;adverb;noun;idiom
winter,6,0.000024,noun;adjective;verb
absolutely,5,0.00002,adverb;interjection
acceptable,5,0.00002,adjective
adult,5,0.00002,adjective;noun
aggressive,5,0.00002,adjective
airline,5,0.00002,noun;adjective
apart,5,0.00002,adjective;adverb
assure,5,0.00002,verb
attract,5,0.00002,verb
bag,5,0.00002,noun;verb
battle,5,0.00002,noun;verb
bed,5,0.00002,noun;verb
bill,5,0.00002,noun;verb
boring,5,0.00002,adjective
bother,5,0.00002,noun;verb
brief,5,0.00002,adjective;noun;verb
cake,5,0.00002,noun;verb
charity,5,0.00002,noun
code,5,0.00002,noun;verb
cousin,5,0.00002,noun
crazy,5,0.00002,adjective;noun;idiom
curve,5,0.00002,noun;verb;idiom
designer,5,0.00002,noun;adjective
dimension,5,0.00002,noun;verb
disaster,5,0.00002,noun
distinct,5,0.00002,adjective
distribute,5,0.00002,verb
dress,5,0.00002,noun;adjective;verb
ease,5,0.00002,noun;verb
eastern,5,0.00002,adjective
editor,5,0.00002,noun
efficiency,5,0.00002,noun
emergency,5,0.00002,noun;adjective
escape,5,0.00002,verb;noun;adjective
evening,5,0.00002,noun;adjective
excitement,5,0.00002,noun
expose,5,0.00002,verb;idiom
extension,5,0.00002,noun;adjective
extent,5,0.00002,noun
farm,5,0.00002,noun;verb;idiom
feedback,5,0.00002,noun
fight,5,0.00002,noun;verb
gap,5,0.00002,noun;verb
gather,5,0.00002,verb;noun;idiom
grade,5,0.00002,noun;verb
guitar,5,0.00002,noun
hate,5,0.00002,verb;noun
holiday,5,0.00002,noun;adjective;verb
homework,5,0.00002,noun
horror,5,0.00002,noun;adjective
horse,5,0.00002,noun;verb;adjective;idiom
host,5,0.00002,noun;verb
husband,5,0.00002,noun;verb
leader,5,0.00002,noun
loan,5,0.00002,noun;verb;idiom
logical,5,0.00002,adjective
mistake,5,0.00002,noun;verb;idiom
mom,5,0.00002,noun
mountain,5,0.00002,noun;adjective;idiom
nail,5,0.00002,noun;verb;idiom
noise,5,0.00002,noun;verb
none,5,0.00002,pronoun;adverb;adjective
occasion,5,0.00002,noun;verb;idiom
outcome,5,0.00002,noun
overcome,5,0.00002,verb
owe,5,0.00002,verb
package,5,0.00002,noun;verb
patient,5,0.00002,noun;adjective
pause,5,0.00002,noun;verb;idiom
permission,5,0.00002,noun
phrase,5,0.00002,noun;verb
presentation,5,0.00002,noun
prior,5,0.00002,adjective;noun;idiom
promotion,5,0.00002,noun
proof,5,0.00002,noun;adjective;verb
race,5,0.00002,noun;verb
reasonable,5,0.00002,adjective
reflection,5,0.00002,noun
refrigerator,5,0.00002,noun
relief,5,0.00002,noun;idiom
repair,5,0.00002,verb;noun
resolution,5,0.00002,noun
revenue,5,0.00002,noun
rough,5,0.00002,adjective;noun;adverb;verb
sad,5,0.00002,adjective;noun
sand,5,0.00002,noun;verb;idiom
scratch,5,0.00002,verb;noun;adjective;idiom
sentence,5,0.00002,noun;verb
session,5,0.00002,noun
shoulder,5,0.00002,noun;verb;idiom
sick,5,0.00002,adjective;noun;idiom
singer,5,0.00002,noun
smoke,5,0.00002,noun;verb;idiom
stomach,5,0.00002,noun;verb
strange,5,0.00002,adjective;adverb
strict,5,0.00002,adjective
strike,5,0.00002,verb;noun;adjective;idiom
string,5,0.00002,noun;verb;idiom
succeed,5,0.00002,verb
successfully,5,0.00002,adverb
suddenly,5,0.00002,adverb
suffer,5,0.00002,verb
surprised,5,0.00002,past;verb
tennis,5,0.00002,noun
throw,5,0.00002,verb
tourist,5,0.00002,noun;adverb
towel,5,0.00002,noun;verb
truly,5,0.00002,adverb
vacation,5,0.00002,noun;verb
virtually,5,0.00002,adverb
west,5,0.00002,noun;adjective;adverb;idiom
wheel,5,0.00002,noun;verb;idiom
wine,5,0.00002,noun;adjective;verb;idiom
acquire,4,0.000016,verb
adapt,4,0.000016,verb
adjust,4,0.000016,verb
administrative,4,0.000016,adjective
altogether,4,0.000016,adverb
anyway,4,0.000016,adverb
argue,4,0.000016,verb
arise,4,0.000016,verb
arm,4,0.000016,noun;verb
aside,4,0.000016,noun;adverb
associate,4,0.000016,noun;verb;adjective
automatic,4,0.000016,adjective
automatically,4,0.000016,adverb
basket,4,0.000016,noun
bet,4,0.000016,noun;verb
blow,4,0.000016,noun;verb
bonus,4,0.000016,noun
border,4,0.000016,noun;verb
branch,4,0.000016,noun;verb
breast,4,0.000016,noun;verb
brother,4,0.000016,noun;interjection
buddy,4,0.000016,noun;verb
bunch,4,0.000016,noun;verb
cabinet,4,0.000016,noun
childhood,4,0.000016,noun
chip,4,0.000016,noun;verb
church,4,0.000016,noun
civil,4,0.000016,adjective
clothes,4,0.000016,noun
coach,4,0.000016,noun;verb;adverb
coffee,4,0.000016,noun
confirm,4,0.000016,verb
cross,4,0.000016,noun;verb;adjective
deeply,4,0.000016,adverb
definitely,4,0.000016,adverb
deliberately,4,0.000016,adverb
dinner,4,0.000016,noun
document,4,0.000016,noun;verb
draft,4,0.000016,noun;verb;adjective
drawing,4,0.000016,noun
dust,4,0.000016,noun;verb
employ,4,0.000016,verb;noun
encouraging,4,0.000016,verb
expert,4,0.000016,noun;adjective
external,4,0.000016,adjective;noun
floor,4,0.000016,noun;verb
former,4,0.000016,adjective
god,4,0.000016,noun;interjection
golf,4,0.000016,noun;verb
habit,4,0.000016,noun;verb
hair,4,0.000016,noun
hardly,4,0.000016,adverb
hearing,4,0.000016,noun
hurt,4,0.000016,verb;noun
illegal,4,0.000016,adjective;noun
incorporate,4,0.000016,verb
initiative,4,0.000016,noun
iron,4,0.000016,noun;verb
judge,4,0.000016,noun;verb
judgment,4,0.000016,noun
justify,4,0.000016,verb
knife,4,0.000016,noun;verb
lab,4,0.000016,noun
landscape,4,0.000016,noun;verb
laugh,4,0.000016,verb;noun
lay,4,0.000016,verb;noun;adjective
league,4,0.000016,noun;verb
loud,4,0.000016,adjective;adverb
mail,4,0.000016,noun;verb
massive,4,0.000016,adjective
measurement,4,0.000016,noun
mess,4,0.000016,noun;verb
mobile,4,0.000016,adjective;noun
mode,4,0.000016,noun
mud,4,0.000016,noun
nasty,4,0.000016,adjective;noun
native,4,0.000016,noun;adjective
opening,4,0.000016,noun;adjective
orange,4,0.000016,noun
ordinary,4,0.000016,adjective;noun
organize,4,0.000016,verb
ought,4,0.000016,verb
parent,4,0.000016,noun;verb
pattern,4,0.000016,noun;verb
pin,4,0.000016,noun;verb
poetry,4,0.000016,noun
police,4,0.000016,noun
pool,4,0.000016,noun;verb
possess,4,0.000016,verb
possibility,4,0.000016,noun
pound,4,0.000016,noun;verb
procedure,4,0.000016,noun
queen,4,0.000016,noun
ratio,4,0.000016,noun
readily,4,0.000016,adverb
relation,4,0.000016,noun
relieve,4,0.000016,verb
request,4,0.000016,noun;verb
respond,4,0.000016,verb;noun
restaurant,4,0.000016,noun
retain,4,0.000016,verb
royal,4,0.000016,adjective;noun
salary,4,0.000016,noun;verb
satisfaction,4,0.000016,noun
sector,4,0.000016,noun
senior,4,0.000016,adjective;noun
shame,4,0.000016,noun;verb
shelter,4,0.000016,noun;verb
shoe,4,0.000016,noun;verb
shut,4,0.000016,verb
signature,4,0.000016,noun
significance,4,0.000016,noun
silver,4,0.000016,noun;adjective;verb
somebody,4,0.000016,pronoun
song,4,0.000016,noun
southern,4,0.000016,adjective
split,4,0.000016,verb;noun
strain,4,0.000016,verb;noun
struggle,4,0.000016,verb;noun
super,4,0.000016,adjective;adverb;noun
swim,4,0.000016,verb;noun
tackle,4,0.000016,noun;verb
tank,4,0.000016,noun;verb
terribly,4,0.000016,adverb
tight,4,0.000016,adjective;adverb
tooth,4,0.000016,noun
town,4,0.000016,noun
train,4,0.000016,verb;noun
trust,4,0.000016,noun;verb
unfair,4,0.000016,adjective
unfortunately,4,0.000016,adverb
upper,4,0.000016,adjective;noun
vehicle,4,0.000016,noun
visible,4,0.000016,adjective
volume,4,0.000016,noun
wash,4,0.000016,verb;noun
waste,4,0.000016,verb;adjective;noun
wife,4,0.000016,noun
yellow,4,0.000016,adjective;noun;verb
yours,4,0.000016,pronoun
accident,3,0.000012,noun
airport,3,0.000012,noun
alive,3,0.000012,adjective
angry,3,0.000012,adjective
appointment,3,0.000012,noun
arrival,3,0.000012,noun
assist,3,0.000012,noun;verb
assumption,3,0.000012,noun
bake,3,0.000012,noun;verb
bar,3,0.000012,noun;verb;preposition
baseball,3,0.000012,noun
bell,3,0.000012,noun;verb
bike,3,0.000012,noun;verb
blame,3,0.000012,noun;verb
boy,3,0.000012,noun;interjection
brick,3,0.000012,noun;verb
calculate,3,0.000012,verb
chair,3,0.000012,noun;verb
chapter,3,0.000012,noun
closet,3,0.000012,noun;verb;adjective
clue,3,0.000012,noun;verb
collar,3,0.000012,noun;verb
comment,3,0.000012,noun;verb
committee,3,0.000012,noun
compete,3,0.000012,verb
concerning,3,0.000012,preposition
conference,3,0.000012,noun;verb
consult,3,0.000012,verb
conversation,3,0.000012,noun
convert,3,0.000012,verb;noun
crash,3,0.000012,verb;noun;adjective;adverb
database,3,0.000012,noun
deliver,3,0.000012,verb
dependent,3,0.000012,adjective;noun
desperate,3,0.000012,adjective
devil,3,0.000012,noun;verb
diet,3,0.000012,noun;verb
enthusiasm,3,0.000012,noun
error,3,0.000012,noun
exciting,3,0.000012,adjective
explanation,3,0.000012,noun
extend,3,0.000012,verb
farmer,3,0.000012,noun
fear,3,0.000012,noun;verb
fold,3,0.000012,verb;noun
forth,3,0.000012,adverb
friendly,3,0.000012,adjective
fuel,3,0.000012,noun;verb
funny,3,0.000012,adjective;noun
gate,3,0.000012,noun
girl,3,0.000012,noun
glove,3,0.000012,noun;verb
grab,3,0.000012,verb;noun
gross,3,0.000012,adjective;adverb;verb;noun
hall,3,0.000012,noun
herself,3,0.000012,pronoun
hide,3,0.000012,verb;noun
historian,3,0.000012,noun
hospital,3,0.000012,noun
ill,3,0.000012,adjective;adverb;noun
injury,3,0.000012,noun
instruction,3,0.000012,noun
investigate,3,0.000012,verb
jacket,3,0.000012,noun;verb
lucky,3,0.000012,adjective
lunch,3,0.000012,noun;verb
maintenance,3,0.000012,noun
manufacturer,3,0.000012,noun
meal,3,0.000012,noun
miss,3,0.000012,verb;noun
monitor,3,0.000012,noun;verb
mortgage,3,0.000012,noun;verb
negotiate,3,0.000012,verb
nurse,3,0.000012,noun;verb
pace,3,0.000012,noun;verb;preposition
panic,3,0.000012,noun;verb
peak,3,0.000012,noun;verb;adjective
perception,3,0.000012,noun
permit,3,0.000012,verb;noun
pie,3,0.000012,noun
plane,3,0.000012,noun;adjective;verb
poem,3,0.000012,noun
presence,3,0.000012,noun
proposal,3,0.000012,noun
provided,3,0.000012,past;verb
qualify,3,0.000012,verb
quote,3,0.000012,verb;noun
realistic,3,0.000012,adjective
reception,3,0.000012,noun
recover,3,0.000012,verb;noun
replacement,3,0.000012,noun
resolve,3,0.000012,verb;noun
retire,3,0.000012,verb
revolution,3,0.000012,noun
reward,3,0.000012,noun;verb
rid,3,0.000012,verb
river,3,0.000012,noun
roll,3,0.000012,verb;noun
row,3,0.000012,noun;verb
sandwich,3,0.000012,noun;verb
shock,3,0.000012,noun;verb
sink,3,0.000012,verb;noun
slip,3,0.000012,verb;noun
son,3,0.000012,noun
sorry,3,0.000012,adjective
spare,3,0.000012,adjective;noun;verb
speech,3,0.000012,noun
spite,3,0.000012,noun;verb
spray,3,0.000012,noun;verb
surprise,3,0.000012,noun;verb
suspect,3,0.000012,verb;noun;adjective
sweet,3,0.000012,adjective;noun
swing,3,0.000012,verb;noun
tea,3,0.000012,noun
till,3,0.000012,noun;verb
transition,3,0.000012,noun;verb
twist,3,0.000012,verb;noun
ugly,3,0.000012,adjective
unlikely,3,0.000012,adjective
upstairs,3,0.000012,adjective;noun
usual,3,0.000012,adjective;noun
village,3,0.000012,noun
warning,3,0.000012,noun
weekend,3,0.000012,noun;verb
weigh,3,0.000012,verb
welcome,3,0.000012,noun;interjection;verb;adjective
winner,3,0.000012,noun
worker,3,0.000012,noun
writer,3,0.000012,noun
yard,3,0.000012,noun;verb
abroad,2,0.000008,adverb;noun
alarm,2,0.000008,noun;verb
anxious,2,0.000008,adjective
arrive,2,0.000008,verb
assistance,2,0.000008,noun
attach,2,0.000008,verb
behave,2,0.000008,verb
bend,2,0.000008,noun;verb
bicycle,2,0.000008,noun;verb
bite,2,0.000008,noun;verb
blind,2,0.000008,noun;verb;adjective;adverb
bottle,2,0.000008,noun;verb
brave,2,0.000008,adjective;noun;verb
breath,2,0.000008,noun
briefly,2,0.000008,adverb
buyer,2,0.000008,noun
cable,2,0.000008,noun;verb
calm,2,0.000008,adjective;noun;verb
candle,2,0.000008,noun;verb
celebrate,2,0.000008,verb
chest,2,0.000008,noun
chocolate,2,0.000008,noun
clerk,2,0.000008,noun;verb
cloud,2,0.000008,noun;verb
comprehensive,2,0.000008,adjective
concentrate,2,0.000008,verb;noun
concert,2,0.000008,noun;verb
conclusion,2,0.000008,noun
contribution,2,0.000008,noun
convince,2,0.000008,verb
cookie,2,0.000008,noun
counter,2,0.000008,noun;verb;adverb;adjective
courage,2,0.000008,noun
curious,2,0.000008,adjective
dad,2,0.000008,noun
desk,2,0.000008,noun
dirty,2,0.000008,adjective;verb
disagree,2,0.000008,verb
downtown,2,0.000008,adjective;adverb;noun
drawer,2,0.000008,noun
establish,2,0.000008,verb
establishment,2,0.000008,noun
estimate,2,0.000008,verb;noun
examination,2,0.000008,noun
flower,2,0.000008,noun;verb
garbage,2,0.000008,noun
grand,2,0.000008,adjective;noun
grandfather,2,0.000008,noun;verb
grocery,2,0.000008,noun
harm,2,0.000008,noun;verb
honest,2,0.000008,adjective;adverb
honey,2,0.000008,noun
ignore,2,0.000008,verb
imply,2,0.000008,verb
impression,2,0.000008,noun
impressive,2,0.000008,adjective
improvement,2,0.000008,noun
independence,2,0.000008,noun
informal,2,0.000008,adjective
inner,2,0.000008,adjective
insect,2,0.000008,noun
insist,2,0.000008,verb
inspection,2,0.000008,noun
inspector,2,0.000008,noun
king,2,0.000008,noun
knee,2,0.000008,noun;verb
ladder,2,0.000008,noun
lawyer,2,0.000008,noun;verb
leather,2,0.000008,noun;adjective;verb
load,2,0.000008,noun;verb
loose,2,0.000008,adjective;verb
male,2,0.000008,adjective;noun
menu,2,0.000008,noun
mine,2,0.000008,pronoun;noun;verb
mirror,2,0.000008,noun;verb
moreover,2,0.000008,adverb
neck,2,0.000008,noun;verb
penalty,2,0.000008,noun
pension,2,0.000008,noun;verb
piano,2,0.000008,noun
plate,2,0.000008,noun;verb
pleasant,2,0.000008,adjective
pleased,2,0.000008,past;verb
potato,2,0.000008,noun
profession,2,0.000008,noun
professor,2,0.000008,noun
prompt,2,0.000008,verb;noun;adjective
proposed,2,0.000008,past;verb
purple,2,0.000008,noun;adjective;verb
pursue,2,0.000008,verb
quantity,2,0.000008,noun
quiet,2,0.000008,adjective;noun;verb
reaction,2,0.000008,noun
refuse,2,0.000008,verb;noun
regret,2,0.000008,verb;noun
remaining,2,0.000008,verb
requirement,2,0.000008,noun
reveal,2,0.000008,verb;noun
ruin,2,0.000008,noun;verb
rush,2,0.000008,verb;noun
salad,2,0.000008,noun
sexual,2,0.000008,adjective
shake,2,0.000008,verb;noun
shift,2,0.000008,verb;noun
shine,2,0.000008,verb;noun
ship,2,0.000008,noun;verb
sister,2,0.000008,noun
skirt,2,0.000008,noun;verb
slice,2,0.000008,noun;verb
snow,2,0.000008,noun;verb
specialist,2,0.000008,noun;adjective
specify,2,0.000008,verb
steal,2,0.000008,verb;noun
stroke,2,0.000008,noun;verb
strongly,2,0.000008,adverb
suck,2,0.000008,verb;noun
sudden,2,0.000008,adjective
supermarket,2,0.000008,noun
surround,2,0.000008,verb;noun
switch,2,0.000008,noun;verb
terrible,2,0.000008,adjective
tired,2,0.000008,past;verb
tongue,2,0.000008,noun
trash,2,0.000008,noun;verb
tune,2,0.000008,noun;verb
unable,2,0.000008,adjective
warn,2,0.000008,verb
weak,2,0.000008,adjective
weakness,2,0.000008,noun
wedding,2,0.000008,noun
wooden,2,0.000008,adjective
worried,2,0.000008,past;verb
yeah,2,0.000008,adverb;interjection
zone,2,0.000008,noun;verb
accuse,1,0.000004,verb
admire,1,0.000004,verb
admit,1,0.000004,verb
adopt,1,0.000004,verb
affair,1,0.000004,noun
ambition,1,0.000004,noun
analyst,1,0.000004,noun
anger,1,0.000004,noun;verb
announce,1,0.000004,verb
anybody,1,0.000004,pronoun;noun
apologize,1,0.000004,verb
apple,1,0.000004,noun
approve,1,0.000004,verb
asleep,1,0.000004,adjective
assignment,1,0.000004,noun
assistant,1,0.000004,noun
attend,1,0.000004,verb
award,1,0.000004,noun;verb
bathroom,1,0.000004,noun
bear,1,0.000004,verb;noun
bedroom,1,0.000004,noun
beer,1,0.000004,noun
belong,1,0.000004,verb
bid,1,0.000004,noun;verb
birthday,1,0.000004,noun
bitter,1,0.000004,noun;adjective
boot,1,0.000004,noun;verb
brilliant,1,0.000004,adjective;noun
bug,1,0.000004,noun;verb
camp,1,0.000004,noun;verb;adjective
candy,1,0.000004,noun;verb
carpet,1,0.000004,noun;verb
cat,1,0.000004,noun;verb
celebration,1,0.000004,noun
champion,1,0.000004,noun;verb
championship,1,0.000004,noun
channel,1,0.000004,noun;verb
cheek,1,0.000004,noun
client,1,0.000004,noun
clock,1,0.000004,noun;verb
comfort,1,0.000004,noun;verb
commit,1,0.000004,verb
confident,1,0.000004,adjective
conscious,1,0.000004,adjective
consequence,1,0.000004,noun
cow,1,0.000004,noun;verb
crack,1,0.000004,noun;verb;adjective
criticize,1,0.000004,verb
dare,1,0.000004,verb;noun
dear,1,0.000004,adjective;noun;adverb;interjection
decent,1,0.000004,adjective
delay,1,0.000004,verb;noun
departure,1,0.000004,noun
deserve,1,0.000004,verb
destroy,1,0.000004,verb
diamond,1,0.000004,noun
dirt,1,0.000004,noun
disappointed,1,0.000004,past;verb
drunk,1,0.000004,adjective;noun
ear,1,0.000004,noun
embarrassed,1,0.000004,adjective
empty,1,0.000004,adjective;verb;noun
engineer,1,0.000004,noun;verb
entrance,1,0.000004,noun;verb
fault,1,0.000004,noun;verb
female,1,0.000004,adjective;noun
fortune,1,0.000004,noun
friendship,1,0.000004,noun
funeral,1,0.000004,noun
gene,1,0.000004,noun
girlfriend,1,0.000004,noun
grass,1,0.000004,noun;verb
guilty,1,0.000004,adjective
guy,1,0.000004,noun;verb
hat,1,0.000004,noun
hell,1,0.000004,noun;interjection
hesitate,1,0.000004,verb
highlight,1,0.000004,noun;verb
honestly,1,0.000004,adverb
hurry,1,0.000004,verb;noun
illustrate,1,0.000004,verb
incident,1,0.000004,noun;adjective
indication,1,0.000004,noun
inevitable,1,0.000004,adjective;noun
inform,1,0.000004,verb
intention,1,0.000004,noun
invite,1,0.000004,verb;noun
island,1,0.000004,noun;verb
joke,1,0.000004,noun;verb
jury,1,0.000004,noun;verb;adjective
kiss,1,0.000004,verb;noun
lady,1,0.000004,noun
leg,1,0.000004,noun;verb
lip,1,0.000004,noun;verb
lonely,1,0.000004,adjective
mad,1,0.000004,adjective
manufacturing,1,0.000004,verb
marry,1,0.000004,verb;interjection
mate,1,0.000004,noun;verb
midnight,1,0.000004,noun
motor,1,0.000004,noun;adjective;verb
neat,1,0.000004,adjective;noun
negotiation,1,0.000004,noun
nerve,1,0.000004,noun;verb
nervous,1,0.000004,adjective
nowhere,1,0.000004,adverb;pronoun;adjective
obligation,1,0.000004,noun
odd,1,0.000004,adjective
ok,1,0.000004,adjective;adverb;noun;verb
passage,1,0.000004,noun;verb
passenger,1,0.000004,noun
pen,1,0.000004,noun;verb
persuade,1,0.000004,verb
pizza,1,0.000004,noun
platform,1,0.000004,noun
poet,1,0.000004,noun
pollution,1,0.000004,noun
pop,1,0.000004,verb;noun;adverb;adjective
pour,1,0.000004,verb
pray,1,0.000004,verb;adverb
pretend,1,0.000004,verb;adjective
previously,1,0.000004,adverb
pride,1,0.000004,noun;verb
priest,1,0.000004,noun;verb
prize,1,0.000004,noun;adjective;verb
promise,1,0.000004,noun;verb
propose,1,0.000004,verb
punch,1,0.000004,verb;noun
quit,1,0.000004,verb;noun
recognition,1,0.000004,noun
remarkable,1,0.000004,adjective
remind,1,0.000004,verb
reply,1,0.000004,verb;noun
representative,1,0.000004,adjective;noun
reputation,1,0.000004,noun
resident,1,0.000004,noun;adjective
resist,1,0.000004,verb;noun
resort,1,0.000004,noun;verb
ring,1,0.000004,noun;verb
rip,1,0.000004,verb;noun
roof,1,0.000004,noun;verb
rope,1,0.000004,noun;verb
rub,1,0.000004,verb;noun
sail,1,0.000004,noun;verb
scheme,1,0.000004,noun;verb
script,1,0.000004,noun;verb
shall,1,0.000004,verb
shirt,1,0.000004,noun
silly,1,0.000004,adjective;noun
sir,1,0.000004,noun
slight,1,0.000004,adjective;verb;noun
smart,1,0.000004,adjective;verb;noun
smile,1,0.000004,verb;noun
sock,1,0.000004,noun;verb
speaker,1,0.000004,noun
spell,1,0.000004,verb;noun
station,1,0.000004,noun;verb
stranger,1,0.000004,noun
stretch,1,0.000004,verb;noun
stupid,1,0.000004,adjective;noun
submit,1,0.000004,verb
substantial,1,0.000004,adjective
suppose,1,0.000004,verb
surgery,1,0.000004,noun
suspicious,1,0.000004,adjective
sympathy,1,0.000004,noun
tale,1,0.000004,noun
tall,1,0.000004,adjective
tear,1,0.000004,verb;noun
temporary,1,0.000004,adjective;noun
throat,1,0.000004,noun
tiny,1,0.000004,adjective
toe,1,0.000004,noun;verb
tomorrow,1,0.000004,adverb;noun
tower,1,0.000004,noun;verb
trainer,1,0.000004,noun
translate,1,0.000004,verb
truck,1,0.000004,noun;verb
uncle,1,0.000004,noun
wake,1,0.000004,verb;noun
weekly,1,0.000004,adjective;adverb;noun
whoever,1,0.000004,pronoun
witness,1,0.000004,noun;verb
wrap,1,0.000004,verb;noun
yesterday,1,0.000004,adverb;noun
youth,1,0.000004,noun